,10136,7/04/2023 19:28
 :3 abuser - Discord,9809,7/04/2023 19:28
,10006,7/04/2023 19:29
TrackIt - Microsoft Visual Studio,59988,7/04/2023 19:30
,9997,7/04/2023 19:30
TrackIt - Microsoft Visual Studio,10003,7/04/2023 19:30
Steam,10002,7/04/2023 19:30
DARK SOULS III,39996,7/04/2023 19:31
,9986,7/04/2023 19:31
TrackIt - Microsoft Visual Studio,20007,7/04/2023 19:31
,9995,7/04/2023 19:31
TrackIt - Microsoft Visual Studio,9991,7/04/2023 19:32
@wanted :3 abuser - Discord,20008,7/04/2023 19:32
Settings,9993,7/04/2023 19:32
